USE arel_global_marketplace;

INSERT INTO COUNTRY_CURRENCY (country_name, currency_code) VALUES
('Türkiye','TRY'),
('Amerika Birleşik Devletleri','USD'),
('Birleşik Krallık','GBP'),
('Almanya','EUR'),
('Fransa','EUR'),
('İtalya','EUR'),
('İspanya','EUR'),
('Çin','CNY'),
('Japonya','JPY'),
('Brezilya','BRL');


INSERT INTO FX_RATES (from_currency, to_currency, rate) VALUES
('TRY','TRY',1.000000),
('USD','USD',1.000000),
('EUR','EUR',1.000000),
('GBP','GBP',1.000000),
('JPY','JPY',1.000000),
('CNY','CNY',1.000000),
('BRL','BRL',1.000000),

('USD','TRY',43.000000),
('EUR','TRY',47.000000),
('GBP','TRY',60.000000),
('JPY','TRY',0.290000),
('CNY','TRY',6.000000),
('BRL','TRY',8.500000),


('TRY','USD',0.023260),
('TRY','EUR',0.021277),
('TRY','GBP',0.016667),
('TRY','JPY',3.400000),
('TRY','CNY',1.000000),
('TRY','BRL',0.120000),


('USD','EUR',0.930000),
('USD','GBP',0.790000),
('USD','JPY',150.000000),
('USD','CNY',7.200000),
('USD','BRL',5.000000),

('EUR','USD',1.080000),
('EUR','GBP',0.850000),
('EUR','JPY',162.000000),
('EUR','CNY',7.800000),
('EUR','BRL',5.400000),

('GBP','USD',1.270000),
('GBP','EUR',1.170000),
('GBP','JPY',190.000000),
('GBP','CNY',9.100000),
('GBP','BRL',6.400000),

('JPY','USD',0.006700),
('JPY','EUR',0.006200),
('JPY','GBP',0.005300),
('JPY','CNY',0.048000),
('JPY','BRL',0.033000),

('CNY','USD',0.140000),
('CNY','EUR',0.130000),
('CNY','GBP',0.110000),
('CNY','JPY',21.000000),
('CNY','BRL',0.710000),


('BRL','USD',0.200000),
('BRL','EUR',0.190000),
('BRL','GBP',0.160000),
('BRL','JPY',30.000000),
('BRL','CNY',1.400000);

INSERT INTO USERS
(full_name, email, password_hash, birth_date, gender, country_name, created_at, age, tel_no)
VALUES
('Ahmet Yılmaz','ahmet@gmail.com','hash1','1999-05-10','Male','Türkiye',NOW(),25,'["905551111111"]'),
('Mehmet Kaya','mehmet@gmail.com','hash2','1995-02-14','Male','Türkiye',NOW(),29,'["905552222222"]'),
('Ayşe Demir','ayse@gmail.com','hash3','1998-08-21','Female','Türkiye',NOW(),26,'["905553333333"]'),
('John Smith','john@usa.com','hash4','1990-01-10','Male','Amerika Birleşik Devletleri',NOW(),34,'["12025550101"]'),
('Emily Brown','emily@usa.com','hash5','1996-03-22','Female','Amerika Birleşik Devletleri',NOW(),28,'["12025550202"]'),
('Oliver Green','oliver@uk.com','hash6','1992-06-11','Male','Birleşik Krallık',NOW(),32,'["447700900111"]'),
('Harry White','harry@uk.com','hash7','1999-11-01','Male','Birleşik Krallık',NOW(),25,'["447700900222"]'),
('Lucas Müller','lucas@de.com','hash8','1994-07-19','Male','Almanya',NOW(),30,'["491511111111"]'),
('Anna Schmidt','anna@de.com','hash9','1997-12-03','Female','Almanya',NOW(),27,'["491522222222"]'),
('Pierre Martin','pierre@fr.com','hash10','1991-09-09','Male','Fransa',NOW(),33,'["33611111111"]'),
('Marie Dupont','marie@fr.com','hash11','1995-10-20','Female','Fransa',NOW(),29,'["33622222222"]'),
('Marco Rossi','marco@it.com','hash12','1993-04-18','Male','İtalya',NOW(),31,'["393331111111"]'),
('Giulia Bianchi','giulia@it.com','hash13','1998-02-25','Female','İtalya',NOW(),26,'["393332222222"]'),
('Carlos Lopez','carlos@es.com','hash14','1990-08-30','Male','İspanya',NOW(),34,'["34611111111"]'),
('Sofia Garcia','sofia@es.com','hash15','1996-01-12','Female','İspanya',NOW(),28,'["34622222222"]'),
('Li Wei','li@cn.com','hash16','1994-06-06','Male','Çin',NOW(),30,'["8613811111111"]'),
('Wang Fang','fang@cn.com','hash17','1999-09-14','Female','Çin',NOW(),25,'["8613822222222"]'),
('Kenji Tanaka','kenji@jp.com','hash18','1991-11-23','Male','Japonya',NOW(),33,'["819011111111"]'),
('Yuki Sato','yuki@jp.com','hash19','1997-05-05','Female','Japonya',NOW(),27,'["819022222222"]'),
('Paulo Silva','paulo@br.com','hash20','1993-03-03','Male','Brezilya',NOW(),31,'["5511911111111"]'),
('Elena Rossi','elena@it.com','hash21','1992-03-12','Female','İtalya',NOW(),32,'["393335554433"]'),
('Hans Schmidt','hans@de.com','hash22','1985-06-15','Male','Almanya',NOW(),41,'["491519998877"]'),
('Clara Dubois','clara@fr.com','hash23','1994-11-30','Female','Fransa',NOW(),31,'["33644556677"]'),
('James Wilson','james@uk.com','hash24','1988-02-02','Male','Birleşik Krallık',NOW(),38,'["447700112233"]'),
('Meryem Aydın','meryem@gmail.com','hash25','2000-01-01','Female','Türkiye',NOW(),26,'["905554445566"]'),
('Robert Miller','robert@usa.com','hash26','1982-05-19','Male','Amerika Birleşik Devletleri',NOW(),44,'["13105550102"]'),
('Sato Hiroshi','hiroshi@jp.com','hash27','1990-07-07','Male','Japonya',NOW(),36,'["819077778888"]'),
('Zhang San','zhang@cn.com','hash28','1993-08-08','Male','Çin',NOW(),33,'["8613900001111"]'),
('Beatriz Silva','beatriz@br.com','hash29','1996-12-12','Female','Brezilya',NOW(),29,'["5511988887777"]'),
('Antonio Garcia','antonio@es.com','hash30','1987-10-10','Male','İspanya',NOW(),39,'["34655443322"]'),
('Fatma Demir','fatma@gmail.com','hash31','1991-04-04','Female','Türkiye',NOW(),35,'["905321110011"]'),
('George King','george@uk.com','hash32','1980-09-25','Male','Birleşik Krallık',NOW(),46,'["447700334455"]'),
('Linda Taylor','linda@usa.com','hash33','1995-11-11','Female','Amerika Birleşik Devletleri',NOW(),30,'["12025559988"]'),
('Klaus Meyer','klaus@de.com','hash34','1978-01-20','Male','Almanya',NOW(),48,'["491701122334"]'),
('Isabella Ricci','isabella@it.com','hash35','1999-05-05','Female','İtalya',NOW(),27,'["393478899001"]'),
('Chen Li','chen@cn.com','hash36','1992-02-28','Female','Çin',NOW(),34,'["8613566778899"]'),
('Takumi Fujiwara','takumi@jp.com','hash37','1995-03-31','Male','Japonya',NOW(),31,'["818011223344"]'),
('Fernando Costa','fernando@br.com','hash38','1984-06-06','Male','Brezilya',NOW(),42,'["5521977665544"]'),
('Javier Serrano','javier@es.com','hash39','1993-07-14','Male','İspanya',NOW(),33,'["34600112233"]'),
('Sophie Morel','sophie@fr.com','hash40','1997-09-01','Female','Fransa',NOW(),29,'["33788990011"]');



INSERT INTO VENDORS
(vendor_name, country_name, tax_no, registration_date, vendor_type)
VALUES
('Nike USA','Amerika Birleşik Devletleri','US-TAX-001','2015-01-01','Brand'),
('Adidas DE','Almanya','DE-TAX-002','2014-05-10','Brand'),
('Puma DE','Almanya','DE-TAX-003','2016-03-15','Brand'),
('LC Waikiki TR','Türkiye','TR-TAX-004','2010-06-20','Retail'),
('Koton TR','Türkiye','TR-TAX-005','2012-09-01','Retail'),
('Zara ES','İspanya','ES-TAX-006','2013-04-18','Brand'),
('H&M SE','Almanya','DE-TAX-007','2011-11-11','Brand'),
('Uniqlo JP','Japonya','JP-TAX-008','2014-02-02','Brand'),
('Gucci IT','İtalya','IT-TAX-009','2016-07-07','Luxury'),
('Prada IT','İtalya','IT-TAX-010','2017-08-08','Luxury'),
('Louis Vuitton FR','Fransa','FR-TAX-011','2015-09-09','Luxury'),
('Chanel FR','Fransa','FR-TAX-012','2016-10-10','Luxury'),
('Amazon Basics US','Amerika Birleşik Devletleri','US-TAX-013','2018-01-01','Marketplace'),
('BestBuy US','Amerika Birleşik Devletleri','US-TAX-014','2017-02-02','Retail'),
('MediaMarkt DE','Almanya','DE-TAX-015','2014-03-03','Retail'),
('Decathlon FR','Fransa','FR-TAX-016','2013-04-04','Retail'),
('Shein CN','Çin','CN-TAX-017','2019-05-05','Marketplace'),
('Xiaomi CN','Çin','CN-TAX-018','2016-06-06','Brand'),
('Sony JP','Japonya','JP-TAX-019','2012-07-07','Brand'),
('Samsung BR','Brezilya','BR-TAX-020','2015-08-08','Brand'),
('Apple Store','Amerika Birleşik Devletleri','US-TAX-021','2010-01-01','Brand'),
('Beko TR','Türkiye','TR-TAX-022','2011-03-03','Brand'),
('Mavi TR','Türkiye','TR-TAX-023','2012-04-04','Brand'),
('Hugo Boss DE','Almanya','DE-TAX-024','2010-05-05','Luxury'),
('Ferrari IT','İtalya','IT-TAX-025','2015-06-06','Luxury'),
('Lacoste FR','Fransa','FR-TAX-026','2013-07-07','Brand'),
('Mango ES','İspanya','ES-TAX-027','2014-08-08','Retail'),
('Huawei CN','Çin','CN-TAX-028','2016-09-09','Brand'),
('Nintendo JP','Japonya','JP-TAX-029','2011-10-10','Brand'),
('Embraer BR','Brezilya','BR-TAX-030','2012-11-11','Brand'),
('Burberry UK','Birleşik Krallık','UK-TAX-031','2010-12-12','Luxury'),
('Dyson UK','Birleşik Krallık','UK-TAX-032','2015-01-15','Brand'),
('Siemens DE','Almanya','DE-TAX-033','2011-02-15','Brand'),
('Fiat IT','İtalya','IT-TAX-034','2010-03-15','Brand'),
('Renault FR','Fransa','FR-TAX-035','2012-04-15','Brand'),
('Inditex ES','İspanya','ES-TAX-036','2010-05-15','Retail'),
('Alibaba CN','Çin','CN-TAX-037','2018-06-15','Marketplace'),
('Panasonic JP','Japonya','JP-TAX-038','2011-07-15','Brand'),
('Natura BR','Brezilya','BR-TAX-039','2014-08-15','Kozmetik'),
('Ford USA','Amerika Birleşik Devletleri','US-TAX-040','2010-09-15','Brand');

INSERT INTO BRANDS (brand_name, origin_country, sustainability_focus) VALUES
('Nike','Amerika Birleşik Devletleri',0),
('Adidas','Almanya',1),
('Puma','Almanya',1),
('LC Waikiki','Türkiye',0),
('Koton','Türkiye',0),
('Zara','İspanya',0),
('H&M','Almanya',1),
('Uniqlo','Japonya',1),
('Gucci','İtalya',0),
('Prada','İtalya',0),
('Louis Vuitton','Fransa',0),
('Chanel','Fransa',0),
('Amazon Basics','Amerika Birleşik Devletleri',1),
('Xiaomi','Çin',1),
('Sony','Japonya',0),
('Samsung','Brezilya',1),
('Decathlon','Fransa',1),
('MediaMarkt','Almanya',0),
('Shein','Çin',0),
('Apple','Amerika Birleşik Devletleri',1),
('Beko','Türkiye',1), 
('Mavi','Türkiye',0), 
('Hugo Boss','Almanya',0), 
('Ferrari','İtalya',0),
('Lacoste','Fransa',1), 
('Mango','İspanya',1), 
('Huawei','Çin',0), 
('Nintendo','Japonya',0),
('Embraer','Brezilya',1), 
('Burberry','Birleşik Krallık',0), 
('Dyson','Birleşik Krallık',1),
('Siemens','Almanya',1), 
('Fiat','İtalya',0), 
('Renault','Fransa',1), 
('Inditex','İspanya',0),
('Alibaba','Çin',0), 
('Panasonic','Japonya',1), 
('Natura','Brezilya',1), 
('Ford','Amerika Birleşik Devletleri',0),
('Microsoft','Amerika Birleşik Devletleri',1);


INSERT INTO CATEGORIES (category_name, parent_category_name, description, gender_focus) VALUES
('Giyim',NULL,'Tüm giyim ürünleri','Unisex'),
('Ayakkabı',NULL,'Tüm ayakkabı ürünleri','Unisex'),
('Elektronik',NULL,'Elektronik ürünleri','Unisex'),
('Aksesuar',NULL,'Aksesuar ürünleri','Unisex'),
('Spor',NULL,'Spor ürünleri','Unisex'),
('Kozmetik',NULL,'Kişisel bakım ve kozmetik','Unisex'),
('Ev & Yaşam',NULL,'Ev yaşam ürünleri','Unisex'),
('Bebek & Çocuk',NULL,'Bebek ve çocuk ürünleri','Unisex');

INSERT INTO CATEGORIES (category_name, parent_category_name, description, gender_focus) VALUES
('Erkek Giyim','Giyim','Erkek üst-alt giyim','Male'),
('Kadın Giyim','Giyim','Kadın üst-alt giyim','Female'),
('Çocuk Giyim','Bebek & Çocuk','Çocuk giyim','Unisex'),
('Spor Giyim','Spor','Spor kıyafetleri','Unisex'),
('Sneakers','Ayakkabı','Günlük spor ayakkabı','Unisex'),
('Bot','Ayakkabı','Kışlık botlar','Unisex'),
('Topuklu','Ayakkabı','Kadın topuklu ayakkabılar','Female'),
('Terlik','Ayakkabı','Ev ve yazlık terlik','Unisex'),
('Telefon','Elektronik','Akıllı telefonlar','Unisex'),
('Kulaklık','Elektronik','Kulaklık ve ses','Unisex'),
('Bilgisayar','Elektronik','Laptop/PC ürünleri','Unisex'),
('Akıllı Saat','Elektronik','Wearable ürünleri','Unisex'),
('Mutfak','Ev & Yaşam','Mutfak araç gereçleri','Unisex'),
('Beyaz Eşya','Ev & Yaşam','Buzdolabı, çamaşır makinesi','Unisex'),
('Parfüm','Kozmetik','Esansiyel kokular','Unisex'),
('Cilt Bakımı','Kozmetik','Yüz ve vücut bakımı','Unisex'),
('Dış Giyim','Giyim','Mont ve kaban','Unisex'),
('İç Giyim','Giyim','İç giyim ürünleri','Unisex'),
('Oyuncak','Bebek & Çocuk','Eğitici oyuncaklar','Unisex'),
('Okul Malzemeleri','Bebek & Çocuk','Kırtasiye ve çanta','Unisex'),
('Tenis','Spor','Tenis ekipmanları','Unisex'),
('Futbol','Spor','Futbol malzemeleri','Unisex'),
('Güneş Gözlüğü','Aksesuar','UV korumalı gözlükler','Unisex'),
('Takı','Aksesuar','Yüzük, kolye, küpe','Unisex'),
('Televizyon','Elektronik','Smart TV modelleri','Unisex'),
('Kamera','Elektronik','Fotoğraf makineleri','Unisex'),
('Masaüstü PC','Bilgisayar','Gaming ve ofis PC','Unisex'),
('Tablet','Elektronik','iPad ve Android tabletler','Unisex'),
('Yazılım','Elektronik','Lisanslı yazılımlar','Unisex'),
('Ev Tekstili','Ev & Yaşam','Nevresim ve perde','Unisex'),
('Bahçe','Ev & Yaşam','Bahçe mobilyaları','Unisex'),
('Evcil Hayvan','Ev & Yaşam','Pet shop ürünleri','Unisex');

	
INSERT INTO PRODUCTS
(product_sku, vendor_name, category_name, brand_name, title, description, eco_friendly, target_age, created_at, total_sold)
VALUES
('SKU-NIKE-AIR-001','Nike USA','Sneakers','Nike','Nike Air Runner','Comfort sneakers',0,'18+',NOW(),0),
('SKU-ADID-ULTRA-002','Adidas DE','Sneakers','Adidas','Adidas Ultra Boost','Running shoes',1,'18+',NOW(),0),
('SKU-PUMA-FLEX-003','Puma DE','Sneakers','Puma','Puma Flex','Daily sneakers',1,'18+',NOW(),0),
('SKU-LCW-MEN-TS-004','LC Waikiki TR','Erkek Giyim','LC Waikiki','Men T-Shirt Basic','Cotton t-shirt',0,'18+',NOW(),0),
('SKU-KOTON-WOMEN-DR-005','Koton TR','Kadın Giyim','Koton','Women Dress Classic','Casual dress',0,'18+',NOW(),0),
('SKU-ZARA-WOMEN-JK-006','Zara ES','Kadın Giyim','Zara','Zara Jacket','Light jacket',0,'18+',NOW(),0),
('SKU-HM-HOODIE-007','H&M SE','Erkek Giyim','H&M','H&M Hoodie','Warm hoodie',1,'18+',NOW(),0),
('SKU-UNIQ-AIR-008','Uniqlo JP','Erkek Giyim','Uniqlo','Uniqlo Airism Tee','Breathable tee',1,'18+',NOW(),0),
('SKU-GUCCI-BAG-009','Gucci IT','Aksesuar','Gucci','Gucci Bag','Leather bag',0,'18+',NOW(),0),
('SKU-PRADA-WALLET-010','Prada IT','Aksesuar','Prada','Prada Wallet','Luxury wallet',0,'18+',NOW(),0),
('SKU-LV-PERF-011','Louis Vuitton FR','Kozmetik','Louis Vuitton','LV Perfume','Premium perfume',0,'18+',NOW(),0),
('SKU-CHANEL-PERF-012','Chanel FR','Kozmetik','Chanel','Chanel Perfume','Iconic perfume',0,'18+',NOW(),0),
('SKU-AMZ-HEADPHONE-013','Amazon Basics US','Kulaklık','Amazon Basics','Amazon Headphones','Budget headphones',1,'18+',NOW(),0),
('SKU-BBUY-SMARTWATCH-014','BestBuy US','Akıllı Saat',NULL,'Smartwatch Basic','Generic smartwatch',0,'18+',NOW(),0),
('SKU-MMARKT-LAP-015','MediaMarkt DE','Bilgisayar',NULL,'Laptop 14 inch','Office laptop',0,'18+',NOW(),0),
('SKU-DECA-SHOES-016','Decathlon FR','Spor Giyim','Decathlon','Training Shoes','Gym shoes',1,'18+',NOW(),0),
('SKU-SHEIN-KIDS-017','Shein CN','Çocuk Giyim','Shein','Kids Set','Kids clothing set',0,'6+',NOW(),0),
('SKU-XIAOMI-PHONE-018','Xiaomi CN','Telefon','Xiaomi','Xiaomi Phone','Midrange smartphone',1,'18+',NOW(),0),
('SKU-SONY-EARBUD-019','Sony JP','Kulaklık','Sony','Sony Earbuds','Wireless earbuds',0,'18+',NOW(),0),
('SKU-APPLE-PHONE-020','Amazon Basics US','Telefon','Apple','iPhone Model','Smartphone',1,'18+',NOW(),0),
('SKU-BEKO-FRIDGE-021','Beko TR','Beyaz Eşya','Beko','Beko No-Frost','Energy efficient fridge',1,'18+',NOW(),0),
('SKU-MAVI-JEAN-022','Mavi TR','Erkek Giyim','Mavi','Mavi Marcus Jean','Classic fit denim',0,'15-50',NOW(),0),
('SKU-BOSS-SUIT-023','Hugo Boss DE','Erkek Giyim','Hugo Boss','Slim Fit Suit','Luxury wool suit',0,'25+',NOW(),0),
('SKU-FERR-WATCH-024','Ferrari IT','Akıllı Saat','Ferrari','Scuderia Watch','Racing style watch',0,'20+',NOW(),0),
('SKU-LAC-POLO-025','Lacoste FR','Erkek Giyim','Lacoste','Classic Polo','Signature cotton polo',1,'18+',NOW(),0),
('SKU-MANGO-DRESS-026','Mango ES','Kadın Giyim','Mango','Summer Floral Dress','Light summer dress',1,'18-40',NOW(),0),
('SKU-HUA-P60-027','Huawei CN','Telefon','Huawei','Huawei P60 Pro','Advanced camera phone',0,'18+',NOW(),0),
('SKU-NIN-SWITCH-028','Nintendo JP','Elektronik','Nintendo','Nintendo Switch','Gaming console',0,'6+',NOW(),0),
('SKU-EMB-MODEL-029','Embraer BR','Aksesuar','Embraer','Jet Model','Scale aircraft model',0,'12+',NOW(),0),
('SKU-BUR-SCARF-030','Burberry UK','Aksesuar','Burberry','Check Scarf','Cashmere scarf',0,'18+',NOW(),0),
('SKU-DYS-V15-031','Dyson UK','Ev & Yaşam','Dyson','Dyson V15','Cordless vacuum',1,'18+',NOW(),0),
('SKU-SIE-WASH-032','Siemens DE','Beyaz Eşya','Siemens','IQ700 Washer','Smart washing machine',1,'18+',NOW(),0),
('SKU-FIAT-500M-033','Fiat IT','Aksesuar','Fiat','500 Miniature','Diecast car model',0,'3+',NOW(),0),
('SKU-REN-KEY-034','Renault FR','Aksesuar','Renault','Leather Keyring','Key accessory',0,'18+',NOW(),0),
('SKU-ZARA-COAT-035','Zara ES','Kadın Giyim','Zara','Winter Coat','Warm wool coat',0,'18+',NOW(),0),
('SKU-XIA-PAD-036','Xiaomi CN','Tablet','Xiaomi','Xiaomi Pad 6','High-res tablet',1,'12+',NOW(),0),
('SKU-SONY-PS5-037','Sony JP','Elektronik','Sony','PlayStation 5','Next-gen console',0,'7+',NOW(),0),
('SKU-SAM-TV-038','Samsung BR','Televizyon','Samsung','QLED 4K TV','Smart television',1,'18+',NOW(),0),
('SKU-NAT-CREAM-039','Natura BR','Cilt Bakımı','Natura','Body Butter','Organic moisturizer',1,'0+',NOW(),0),
('SKU-APPLE-MAC-040','Apple Store','Bilgisayar','Apple','MacBook Air M2','Thin and light laptop',1,'18+',NOW(),0);



INSERT INTO PRODUCT_VARIANTS
(product_sku, color, size, weight_gram, stock_number, price, base_currency, stock_control_unit)
VALUES
('SKU-NIKE-AIR-001','Black','42',850.00,50,40.00,'USD','SCU-NIKE-AIR-001-BLK-42'),
('SKU-ADID-ULTRA-002','White','43',900.00,45,55.00,'USD','SCU-ADID-ULTRA-002-WHT-43'),
('SKU-PUMA-FLEX-003','Gray','41',820.00,60,35.00,'USD','SCU-PUMA-FLEX-003-GRY-41'),

('SKU-LCW-MEN-TS-004','Navy','M',250.00,120,12.00,'USD','SCU-LCW-MEN-TS-004-NVY-M'),
('SKU-KOTON-WOMEN-DR-005','Red','S',320.00,80,28.00,'USD','SCU-KOTON-WOMEN-DR-005-RED-S'),
('SKU-ZARA-WOMEN-JK-006','Beige','M',600.00,40,65.00,'USD','SCU-ZARA-WOMEN-JK-006-BEI-M'),
('SKU-HM-HOODIE-007','Black','L',550.00,70,30.00,'USD','SCU-HM-HOODIE-007-BLK-L'),
('SKU-UNIQ-AIR-008','White','L',220.00,100,18.00,'USD','SCU-UNIQ-AIR-008-WHT-L'),
('SKU-GUCCI-BAG-009','Brown','Std',950.00,15,500.00,'USD','SCU-GUCCI-BAG-009-BRN-STD'),
('SKU-PRADA-WALLET-010','Black','Std',300.00,25,220.00,'USD','SCU-PRADA-WALLET-010-BLK-STD'),
('SKU-LV-PERF-011','Gold','100ml',450.00,30,180.00,'USD','SCU-LV-PERF-011-GLD-100'),
('SKU-CHANEL-PERF-012','Pink','100ml',430.00,35,190.00,'USD','SCU-CHANEL-PERF-012-PNK-100'),
('SKU-AMZ-HEADPHONE-013','Black','Std',280.00,90,25.00,'USD','SCU-AMZ-HEADPHONE-013-BLK-STD'),
('SKU-BBUY-SMARTWATCH-014','Silver','Std',120.00,55,80.00,'USD','SCU-BBUY-SMARTWATCH-014-SLV-STD'),
('SKU-MMARKT-LAP-015','Gray','14inch',1400.00,20,650.00,'USD','SCU-MMARKT-LAP-015-GRY-14'),
('SKU-DECA-SHOES-016','Blue','42',780.00,75,40.00,'USD','SCU-DECA-SHOES-016-BLU-42'),
('SKU-SHEIN-KIDS-017','Green','6Y',200.00,110,15.00,'USD','SCU-SHEIN-KIDS-017-GRN-6Y'),
('SKU-XIAOMI-PHONE-018','Black','128GB',420.00,50,220.00,'USD','SCU-XIAOMI-PHONE-018-BLK-128'),
('SKU-SONY-EARBUD-019','Black','Std',60.00,80,90.00,'USD','SCU-SONY-EARBUD-019-BLK-STD'),
('SKU-APPLE-PHONE-020','Black','128GB',410.00,35,999.00,'USD','SCU-APPLE-PHONE-020-BLK-128'),
('SKU-BEKO-FRIDGE-021','White','Standard',85000.00,10,1200.00,'USD','SCU-BEKO-FR-WHT'),
('SKU-MAVI-JEAN-022','Blue','32/32',600.00,100,45.00,'USD','SCU-MAVI-JN-BLU'),
('SKU-BOSS-SUIT-023','Black','50',1500.00,15,850.00,'USD','SCU-BOSS-SU-BLK'),
('SKU-FERR-WATCH-024','Red','Standard',180.00,30,450.00,'USD','SCU-FERR-WA-RED'),
('SKU-LAC-POLO-025','Green','L',280.00,85,95.00,'USD','SCU-LAC-PO-GRN'),
('SKU-MANGO-DRESS-026','Yellow','M',400.00,50,60.00,'USD','SCU-MANGO-DR-YEL'),
('SKU-HUA-P60-027','Silver','256GB',210.00,40,899.00,'USD','SCU-HUA-P60-SIL'),
('SKU-NIN-SWITCH-028','Neon','Standard',400.00,60,299.00,'USD','SCU-NIN-SW-NEO'),
('SKU-EMB-MODEL-029','White','1:400',150.00,100,35.00,'USD','SCU-EMB-MO-WHT'),
('SKU-BUR-SCARF-030','Beige','Standard',200.00,45,420.00,'USD','SCU-BUR-SC-BEI'),
('SKU-DYS-V15-031','Yellow','Standard',3000.00,25,749.00,'USD','SCU-DYS-V15-YEL'),
('SKU-SIE-WASH-032','Gray','9KG',75000.00,8,950.00,'USD','SCU-SIE-WA-GRY'),
('SKU-FIAT-500M-033','White','1:18',500.00,200,25.00,'USD','SCU-FIAT-500-WHT'),
('SKU-REN-KEY-034','Black','Standard',50.00,300,15.00,'USD','SCU-REN-KE-BLK'),
('SKU-ZARA-COAT-035','Camel','L',1800.00,40,150.00,'USD','SCU-ZARA-CO-CAM'),
('SKU-XIA-PAD-036','Gray','128GB',490.00,55,350.00,'USD','SCU-XIA-PA-GRY'),
('SKU-SONY-PS5-037','White','Disc',4500.00,20,499.00,'USD','SCU-SONY-PS5-WHT'),
('SKU-SAM-TV-038','Black','55inch',15000.00,15,1100.00,'USD','SCU-SAM-TV-BLK'),
('SKU-NAT-CREAM-039','Cream','200ml',250.00,150,20.00,'USD','SCU-NAT-CR-200'),
('SKU-APPLE-MAC-040','Space Gray','512GB',1240.00,30,1199.00,'USD','SCU-APPLE-MAC-GRY');


INSERT INTO CARRIERS (carrier_name, delivery_speed_category) VALUES
('DHL','Fast'),
('UPS','Fast'),
('FedEx','Fast'),
('Aras Kargo','Standard'),
('Yurtici Kargo','Standard'),
('PTT Kargo','Economy'),
('MNG Kargo','Standard'),
('Sürat Kargo','Economy'),
('TNT','Fast'),
('GLS','Standard'),
('DPD','Standard'),
('Hermes','Economy'),
('Royal Mail','Standard'),
('USPS','Economy'),
('Canada Post','Economy'),
('Japan Post','Economy'),
('China Post','Economy'),
('Correos','Standard'),
('La Poste','Standard'),
('BRT','Standard'),
('SF Express', 'Fast'),
('PostNL', 'Standard'),
('Swiss Post', 'Standard'),
('Austrian Post', 'Standard'),
('An Post', 'Standard'),
('Correios Brasil', 'Economy'),
('Blue Dart', 'Fast'),
('ZTO Express', 'Standard'),
('YTO Express', 'Standard'),
('Delhivery', 'Standard'),
('Ninja Van', 'Fast'),
('GrabExpress', 'Instant'),
('Lalamove', 'Instant'),
('GoSend', 'Instant'),
('J&T Express', 'Standard'),
('Kerry Logistics', 'Standard'),
('Yamato Transport', 'Fast'),
('Sagawa Express', 'Fast'),
('Australia Post', 'Standard'),
('StarTrack', 'Fast');

INSERT INTO ORDERS
(order_code, user_email, shipping_country_name, shipping_city, shipping_postal_code, shipping_address_line, shipping_address_type, total_amount, created_at)
VALUES
('ORD-0001','ahmet@gmail.com','Türkiye','Istanbul','34000','Kadikoy Rıhtım Cd No:10','Home',0.00, NOW()),
('ORD-0002','mehmet@gmail.com','Türkiye','Ankara','06000','Cankaya Ataturk Bul No:25','Home',0.00, NOW()),
('ORD-0003','ayse@gmail.com','Türkiye','Izmir','35000','Bornova Sk No:5','Home',0.00, NOW()),
('ORD-0004','john@usa.com','Amerika Birleşik Devletleri','New York','10001','5th Avenue 10','Home',0.00, NOW()),
('ORD-0005','emily@usa.com','Amerika Birleşik Devletleri','Los Angeles','90001','Sunset Blvd 200','Home',0.00, NOW()),
('ORD-0006','oliver@uk.com','Birleşik Krallık','London','SW1A','10 Downing St','Home',0.00, NOW()),
('ORD-0007','harry@uk.com','Birleşik Krallık','Manchester','M1','Deansgate 50','Home',0.00, NOW()),
('ORD-0008','lucas@de.com','Almanya','Berlin','10115','Alexanderplatz 1','Home',0.00, NOW()),
('ORD-0009','anna@de.com','Almanya','Munich','80331','Marienplatz 2','Home',0.00, NOW()),
('ORD-0010','pierre@fr.com','Fransa','Paris','75001','Rue de Rivoli 15','Home',0.00, NOW()),
('ORD-0011','marie@fr.com','Fransa','Lyon','69001','Rue de la Republique 7','Home',0.00, NOW()),
('ORD-0012','marco@it.com','İtalya','Rome','00100','Via del Corso 12','Home',0.00, NOW()),
('ORD-0013','giulia@it.com','İtalya','Milan','20100','Corso Buenos Aires 33','Home',0.00, NOW()),
('ORD-0014','carlos@es.com','İspanya','Madrid','28001','Gran Via 99','Home',0.00, NOW()),
('ORD-0015','sofia@es.com','İspanya','Barcelona','08001','La Rambla 22','Home',0.00, NOW()),
('ORD-0016','li@cn.com','Çin','Beijing','100000','Chaoyang District 8','Home',0.00, NOW()),
('ORD-0017','fang@cn.com','Çin','Shanghai','200000','Pudong Avenue 66','Home',0.00, NOW()),
('ORD-0018','kenji@jp.com','Japonya','Tokyo','100-0001','Chiyoda 1-1','Home',0.00, NOW()),
('ORD-0019','yuki@jp.com','Japonya','Osaka','530-0001','Umeda 3-3','Home',0.00, NOW()),
('ORD-0020','paulo@br.com','Brezilya','Sao Paulo','01000','Paulista Ave 100','Home',0.00, NOW()),
('ORD-0021','elena@it.com','İtalya','Rome','00100','Via Milano 5','Home',0.00, NOW()),
('ORD-0022','hans@de.com','Almanya','Berlin','10115','Hauptstr 10','Home',0.00, NOW()),
('ORD-0023','clara@fr.com','Fransa','Paris','75001','Rue A 1','Home',0.00, NOW()),
('ORD-0024','james@uk.com','Birleşik Krallık','London','E1','Baker St 221B','Home',0.00, NOW()),
('ORD-0025','meryem@gmail.com','Türkiye','Ankara','06000','Kızılay','Home',0.00, NOW()),
('ORD-0026','robert@usa.com','Amerika Birleşik Devletleri','Miami','33101','Ocean Dr 50','Home',0.00, NOW()),
('ORD-0027','hiroshi@jp.com','Japonya','Kyoto','600-0001','Shimogyo-ku','Home',0.00, NOW()),
('ORD-0028','zhang@cn.com','Çin','Shenzhen','518000','Futian District','Home',0.00, NOW()),
('ORD-0029','beatriz@br.com','Brezilya','Rio de Janeiro','20000','Copacabana','Home',0.00, NOW()),
('ORD-0030','antonio@es.com','İspanya','Valencia','46001','Calle Mayor','Home',0.00, NOW()),
('ORD-0031','fatma@gmail.com','Türkiye','Bursa','16000','Nilüfer','Home',0.00, NOW()),
('ORD-0032','george@uk.com','Birleşik Krallık','Liverpool','L1','Penny Lane','Home',0.00, NOW()),
('ORD-0033','linda@usa.com','Amerika Birleşik Devletleri','Chicago','60601','Michigan Ave','Home',0.00, NOW()),
('ORD-0034','klaus@de.com','Almanya','Hamburg','20095','Reeperbahn','Home',0.00, NOW()),
('ORD-0035','isabella@it.com','İtalya','Naples','80100','Via Toledo','Home',0.00, NOW()),
('ORD-0036','chen@cn.com','Çin','Guangzhou','510000','Tianhe District','Home',0.00, NOW()),
('ORD-0037','takumi@jp.com','Japonya','Nagoya','450-0001','Nakamura-ku','Home',0.00, NOW()),
('ORD-0038','fernando@br.com','Brezilya','Brasilia','70000','Eixo Monumental','Home',0.00, NOW()),
('ORD-0039','javier@es.com','İspanya','Seville','41001','Plaza de Armas','Home',0.00, NOW()),
('ORD-0040','sophie@fr.com','Fransa','Marseille','13001','Vieux Port','Home',0.00, NOW());

INSERT INTO ORDER_ITEMS
(order_code, stock_control_unit, quantity, unit_price, customer_currency, unit_price_customer, tax_rate)
VALUES
('ORD-0001','SCU-NIKE-AIR-001-BLK-42', 1, 0.00,'USD',0.00,18.00),
('ORD-0002','SCU-ADID-ULTRA-002-WHT-43', 2, 0.00,'USD',0.00,18.00),
('ORD-0003','SCU-LCW-MEN-TS-004-NVY-M', 3, 0.00,'USD',0.00,18.00),
('ORD-0004','SCU-APPLE-PHONE-020-BLK-128', 1, 0.00,'USD',0.00,8.00),
('ORD-0005','SCU-AMZ-HEADPHONE-013-BLK-STD', 2, 0.00,'USD',0.00,8.00),
('ORD-0006','SCU-SONY-EARBUD-019-BLK-STD', 1, 0.00,'USD',0.00,12.00),
('ORD-0007','SCU-PRADA-WALLET-010-BLK-STD', 1, 0.00,'USD',0.00,12.00),
('ORD-0008','SCU-MMARKT-LAP-015-GRY-14', 1, 0.00,'USD',0.00,19.00),
('ORD-0009','SCU-BBUY-SMARTWATCH-014-SLV-STD', 1, 0.00,'USD',0.00,19.00),
('ORD-0010','SCU-CHANEL-PERF-012-PNK-100', 1, 0.00,'USD',0.00,20.00),
('ORD-0011','SCU-LV-PERF-011-GLD-100', 1, 0.00,'USD',0.00,20.00),
('ORD-0012','SCU-GUCCI-BAG-009-BRN-STD', 1, 0.00,'USD',0.00,22.00),
('ORD-0013','SCU-ZARA-WOMEN-JK-006-BEI-M', 1, 0.00,'USD',0.00,22.00),
('ORD-0014','SCU-PUMA-FLEX-003-GRY-41', 2, 0.00,'USD',0.00,21.00),
('ORD-0015','SCU-KOTON-WOMEN-DR-005-RED-S', 1, 0.00,'USD',0.00,21.00),
('ORD-0016','SCU-XIAOMI-PHONE-018-BLK-128', 1, 0.00,'USD',0.00,13.00),
('ORD-0017','SCU-SHEIN-KIDS-017-GRN-6Y', 2, 0.00,'USD',0.00,13.00),
('ORD-0018','SCU-UNIQ-AIR-008-WHT-L', 3, 0.00,'USD',0.00,10.00),
('ORD-0019','SCU-HM-HOODIE-007-BLK-L', 1, 0.00,'USD',0.00,10.00),
('ORD-0020','SCU-DECA-SHOES-016-BLU-42', 1, 0.00,'USD',0.00,17.00),
('ORD-0021','SCU-BEKO-FR-WHT', 1, 0.00,'USD',0.00,18.00),
('ORD-0022','SCU-MAVI-JN-BLU', 2, 0.00,'USD',0.00,10.00),
('ORD-0023','SCU-BOSS-SU-BLK', 1, 0.00,'USD',0.00,20.00),
('ORD-0024','SCU-FERR-WA-RED', 1, 0.00,'USD',0.00,20.00),
('ORD-0025','SCU-LAC-PO-GRN', 3, 0.00,'USD',0.00,18.00),
('ORD-0026','SCU-MANGO-DR-YEL', 1, 0.00,'USD',0.00,8.00),
('ORD-0027','SCU-HUA-P60-SIL', 1, 0.00,'USD',0.00,10.00),
('ORD-0028','SCU-NIN-SW-NEO', 1, 0.00,'USD',0.00,13.00),
('ORD-0029','SCU-EMB-MO-WHT', 2, 0.00,'USD',0.00,17.00),
('ORD-0030','SCU-BUR-SC-BEI', 1, 0.00,'USD',0.00,21.00),
('ORD-0031','SCU-DYS-V15-YEL', 1, 0.00,'USD',0.00,18.00),
('ORD-0032','SCU-SIE-WA-GRY', 1, 0.00,'USD',0.00,20.00),
('ORD-0033','SCU-FIAT-500-WHT', 4, 0.00,'USD',0.00,8.00),
('ORD-0034','SCU-REN-KE-BLK', 5, 0.00,'USD',0.00,19.00),
('ORD-0035','SCU-ZARA-CO-CAM', 1, 0.00,'USD',0.00,22.00),
('ORD-0036','SCU-XIA-PA-GRY', 1, 0.00,'USD',0.00,13.00),
('ORD-0037','SCU-SONY-PS5-WHT', 1, 0.00,'USD',0.00,10.00),
('ORD-0038','SCU-SAM-TV-BLK', 1, 0.00,'USD',0.00,17.00),
('ORD-0039','SCU-NAT-CR-200', 2, 0.00,'USD',0.00,21.00),
('ORD-0040','SCU-APPLE-MAC-GRY', 1, 0.00,'USD',0.00,20.00);


INSERT INTO PAYMENTS
(order_code, amount, currency, refund_amount, method_type, created_at)
VALUES
('ORD-0001',0.00,'USD',0.00,'Credit Card',NOW()),
('ORD-0002',0.00,'USD',0.00,'Credit Card',NOW()),
('ORD-0003',0.00,'USD',0.00,'Credit Card',NOW()),
('ORD-0004',0.00,'USD',0.00,'Credit Card',NOW()),
('ORD-0005',0.00,'USD',0.00,'Credit Card',NOW()),
('ORD-0006',0.00,'USD',0.00,'Credit Card',NOW()),
('ORD-0007',0.00,'USD',0.00,'Credit Card',NOW()),
('ORD-0008',0.00,'USD',0.00,'Bank Transfer',NOW()),
('ORD-0009',0.00,'USD',0.00,'Bank Transfer',NOW()),
('ORD-0010',0.00,'USD',0.00,'Credit Card',NOW()),
('ORD-0011',0.00,'USD',0.00,'Credit Card',NOW()),
('ORD-0012',0.00,'USD',0.00,'Credit Card',NOW()),
('ORD-0013',0.00,'USD',0.00,'Credit Card',NOW()),
('ORD-0014',0.00,'USD',0.00,'Credit Card',NOW()),
('ORD-0015',0.00,'USD',0.00,'Credit Card',NOW()),
('ORD-0016',0.00,'USD',0.00,'Mobile Payment',NOW()),
('ORD-0017',0.00,'USD',0.00,'Mobile Payment',NOW()),
('ORD-0018',0.00,'USD',0.00,'Credit Card',NOW()),
('ORD-0019',0.00,'USD',0.00,'Credit Card',NOW()),
('ORD-0020',0.00,'USD',0.00,'Credit Card',NOW()),
('ORD-0021',0.00,'USD',0.00,'Credit Card',NOW()), 
('ORD-0022',0.00,'USD',0.00,'Credit Card',NOW()),
('ORD-0023',0.00,'USD',0.00,'Credit Card',NOW()), 
('ORD-0024',0.00,'USD',0.00,'Bank Transfer',NOW()),
('ORD-0025',0.00,'USD',0.00,'Credit Card',NOW()), 
('ORD-0026',0.00,'USD',0.00,'Credit Card',NOW()),
('ORD-0027',0.00,'USD',0.00,'Credit Card',NOW()), 
('ORD-0028',0.00,'USD',0.00,'Mobile Payment',NOW()),
('ORD-0029',0.00,'USD',0.00,'Credit Card',NOW()), 
('ORD-0030',0.00,'USD',0.00,'Credit Card',NOW()),
('ORD-0031',0.00,'USD',0.00,'Bank Transfer',NOW()), 
('ORD-0032',0.00,'USD',0.00,'Credit Card',NOW()),
('ORD-0033',0.00,'USD',0.00,'Credit Card',NOW()), 
('ORD-0034',0.00,'USD',0.00,'Credit Card',NOW()),
('ORD-0035',0.00,'USD',0.00,'Credit Card',NOW()), 
('ORD-0036',0.00,'USD',0.00,'Mobile Payment',NOW()),
('ORD-0037',0.00,'USD',0.00,'Credit Card',NOW()), 
('ORD-0038',0.00,'USD',0.00,'Credit Card',NOW()),
('ORD-0039',0.00,'USD',0.00,'Credit Card',NOW()), 
('ORD-0040',0.00,'USD',0.00,'Credit Card',NOW());


INSERT INTO SHIPMENTS
(order_code, carrier_name, shipped_at, delivered_at, tracking_number)
VALUES
('ORD-0001','Aras Kargo',     NOW() + INTERVAL 2 HOUR,  NOW() + INTERVAL 3 DAY,  'TRK-ORD-0001'),
('ORD-0002','Yurtici Kargo',  NOW() + INTERVAL 3 HOUR,  NOW() + INTERVAL 4 DAY,  'TRK-ORD-0002'),
('ORD-0003','PTT Kargo',      NOW() + INTERVAL 6 HOUR,  NOW() + INTERVAL 7 DAY,  'TRK-ORD-0003'),

('ORD-0004','DHL',            NOW() + INTERVAL 1 HOUR,  NOW() + INTERVAL 2 DAY,  'TRK-ORD-0004'),
('ORD-0005','UPS',            NOW() + INTERVAL 2 HOUR,  NOW() + INTERVAL 2 DAY,  'TRK-ORD-0005'),

('ORD-0006','Royal Mail',     NOW() + INTERVAL 4 HOUR,  NOW() + INTERVAL 5 DAY,  'TRK-ORD-0006'),
('ORD-0007','Hermes',         NOW() + INTERVAL 5 HOUR,  NOW() + INTERVAL 8 DAY,  'TRK-ORD-0007'),

('ORD-0008','DPD',            NOW() + INTERVAL 3 HOUR,  NOW() + INTERVAL 5 DAY,  'TRK-ORD-0008'),
('ORD-0009','GLS',            NOW() + INTERVAL 4 HOUR,  NOW() + INTERVAL 6 DAY,  'TRK-ORD-0009'),

('ORD-0010','La Poste',       NOW() + INTERVAL 2 HOUR,  NOW() + INTERVAL 4 DAY,  'TRK-ORD-0010'),
('ORD-0011','BRT',            NOW() + INTERVAL 3 HOUR,  NOW() + INTERVAL 5 DAY,  'TRK-ORD-0011'),

('ORD-0012','TNT',            NOW() + INTERVAL 1 HOUR,  NOW() + INTERVAL 3 DAY,  'TRK-ORD-0012'),
('ORD-0013','Correos',        NOW() + INTERVAL 4 HOUR,  NOW() + INTERVAL 6 DAY,  'TRK-ORD-0013'),

('ORD-0014','FedEx',          NOW() + INTERVAL 1 HOUR,  NOW() + INTERVAL 2 DAY,  'TRK-ORD-0014'),
('ORD-0015','UPS',            NOW() + INTERVAL 2 HOUR,  NOW() + INTERVAL 3 DAY,  'TRK-ORD-0015'),

('ORD-0016','China Post',     NOW() + INTERVAL 8 HOUR,  NOW() + INTERVAL 10 DAY, 'TRK-ORD-0016'),
('ORD-0017','China Post',     NOW() + INTERVAL 9 HOUR,  NOW() + INTERVAL 11 DAY, 'TRK-ORD-0017'),

('ORD-0018','Japan Post',     NOW() + INTERVAL 6 HOUR,  NOW() + INTERVAL 9 DAY,  'TRK-ORD-0018'),
('ORD-0019','Japan Post',     NOW() + INTERVAL 7 HOUR,  NOW() + INTERVAL 10 DAY, 'TRK-ORD-0019'),

('ORD-0020','DHL',            NOW() + INTERVAL 1 HOUR,  NOW() + INTERVAL 2 DAY,  'TRK-ORD-0020'),
('ORD-0021','BRT', NOW(), NOW() + INTERVAL 2 DAY,'TRK-021'), ('ORD-0022','DHL', NOW(), NOW() + INTERVAL 2 DAY,'TRK-022'),
('ORD-0023','La Poste', NOW(), NOW() + INTERVAL 3 DAY,'TRK-023'), ('ORD-0024','Royal Mail', NOW(), NOW() + INTERVAL 4 DAY,'TRK-024'),
('ORD-0025','Aras Kargo', NOW(), NOW() + INTERVAL 3 DAY,'TRK-025'), ('ORD-0026','FedEx', NOW(), NOW() + INTERVAL 1 DAY,'TRK-026'),
('ORD-0027','Japan Post', NOW(), NOW() + INTERVAL 5 DAY,'TRK-027'), ('ORD-0028','China Post', NOW(), NOW() + INTERVAL 7 DAY,'TRK-028'),
('ORD-0029','DHL', NOW(), NOW() + INTERVAL 3 DAY,'TRK-029'), ('ORD-0030','Correos', NOW(), NOW() + INTERVAL 4 DAY,'TRK-030'),
('ORD-0031','Yurtici Kargo', NOW(), NOW() + INTERVAL 2 DAY,'TRK-031'), ('ORD-0032','UPS', NOW(), NOW() + INTERVAL 3 DAY,'TRK-032'),
('ORD-0033','USPS', NOW(), NOW() + INTERVAL 2 DAY,'TRK-033'), ('ORD-0034','Hermes', NOW(), NOW() + INTERVAL 4 DAY,'TRK-034'),
('ORD-0035','TNT', NOW(), NOW() + INTERVAL 3 DAY,'TRK-035'), ('ORD-0036','China Post', NOW(), NOW() + INTERVAL 6 DAY,'TRK-036'),
('ORD-0037','Japan Post', NOW(), NOW() + INTERVAL 4 DAY,'TRK-037'), ('ORD-0038','DHL', NOW(), NOW() + INTERVAL 5 DAY,'TRK-038'),
('ORD-0039','FedEx', NOW(), NOW() + INTERVAL 3 DAY,'TRK-039'), ('ORD-0040','UPS', NOW(), NOW() + INTERVAL 2 DAY,'TRK-040');




INSERT INTO REVIEWS
(product_sku, user_email, rating, comment, created_at)
VALUES
('SKU-NIKE-AIR-001','ahmet@gmail.com',5,'Çok rahat ve kaliteli.',NOW() + INTERVAL 4 DAY),
('SKU-ADID-ULTRA-002','mehmet@gmail.com',4,'Koşu için ideal.', NOW() + INTERVAL 5 DAY),
('SKU-LCW-MEN-TS-004','ayse@gmail.com',4,'Fiyatına göre güzel.',NOW() + INTERVAL 8 DAY),
('SKU-APPLE-PHONE-020','john@usa.com',5,'Mükemmel performans.', NOW() + INTERVAL 3 DAY),
('SKU-AMZ-HEADPHONE-013','emily@usa.com',3,'İdare eder.',NOW() + INTERVAL 3 DAY),
('SKU-SONY-EARBUD-019','oliver@uk.com',5,'Ses kalitesi çok iyi.',NOW() + INTERVAL 6 DAY),
('SKU-PRADA-WALLET-010','harry@uk.com',4,'Şık ama pahalı.', NOW() + INTERVAL 9 DAY),
('SKU-MMARKT-LAP-015','lucas@de.com',4,'Günlük kullanım için yeterli.',NOW() + INTERVAL 6 DAY),
('SKU-BBUY-SMARTWATCH-014','anna@de.com',3,'Bataryası zayıf.', NOW() + INTERVAL 7 DAY),
('SKU-CHANEL-PERF-012','pierre@fr.com',5,'Kokusu harika.',NOW() + INTERVAL 5 DAY),
('SKU-LV-PERF-011','marie@fr.com',4,'Kalıcı ve premium.', NOW() + INTERVAL 6 DAY),
('SKU-GUCCI-BAG-009','marco@it.com',5,'Çok kaliteli deri.',NOW() + INTERVAL 4 DAY),
('SKU-ZARA-WOMEN-JK-006','giulia@it.com',4,'Şık ve rahat.',NOW() + INTERVAL 7 DAY),
('SKU-PUMA-FLEX-003','carlos@es.com',4,'Günlük kullanım için iyi.', NOW() + INTERVAL 3 DAY),
('SKU-KOTON-WOMEN-DR-005','sofia@es.com',5,'Çok beğendim.',NOW() + INTERVAL 4 DAY),
('SKU-XIAOMI-PHONE-018','li@cn.com',5,'Fiyat/performans canavarı.',NOW() + INTERVAL 11 DAY),
('SKU-SHEIN-KIDS-017','fang@cn.com',3,'Malzeme orta kalite.', NOW() + INTERVAL 12 DAY),
('SKU-UNIQ-AIR-008','kenji@jp.com',5,'Çok hafif ve rahat.',NOW() + INTERVAL 10 DAY),
('SKU-HM-HOODIE-007','yuki@jp.com',4,'Günlük kullanım için ideal.',NOW() + INTERVAL 11 DAY),
('SKU-DECA-SHOES-016','paulo@br.com',4,'Spor için gayet iyi.',NOW() + INTERVAL 3 DAY),
('SKU-BEKO-FRIDGE-021','elena@it.com',5,'Sessiz çalışıyor.',NOW() + INTERVAL 5 DAY),
('SKU-MAVI-JEAN-022','hans@de.com',4,'Kalıbı biraz dar.',NOW() + INTERVAL 5 DAY),
('SKU-BOSS-SUit-023','clara@fr.com',5,'Kalite tesadüf değildir.',NOW() + INTERVAL 5 DAY),
('SKU-FERR-WATCH-024','james@uk.com',4,'Çok şık duruyor.',NOW() + INTERVAL 5 DAY),
('SKU-LAC-POLO-025','meryem@gmail.com',5,'Rengi çok canlı.',NOW() + INTERVAL 5 DAY),
('SKU-MANGO-DRESS-026','robert@usa.com',4,'Kumaşı ince ve güzel.',NOW() + INTERVAL 5 DAY),
('SKU-HUA-P60-027','hiroshi@jp.com',5,'Kamerası inanılmaz.',NOW() + INTERVAL 7 DAY),
('SKU-NIN-SWITCH-028','zhang@cn.com',5,'Çocuklar bayıldı.',NOW() + INTERVAL 9 DAY),
('SKU-EMB-MODEL-029','beatriz@br.com',3,'Küçük ama detaylı.',NOW() + INTERVAL 5 DAY),
('SKU-BUR-SCARF-030','antonio@es.com',5,'Çok sıcak tutuyor.',NOW() + INTERVAL 6 DAY),
('SKU-DYS-V15-031','fatma@gmail.com',5,'Emiş gücü çok yüksek.',NOW() + INTERVAL 4 DAY),
('SKU-SIE-WASH-032','george@uk.com',4,'Yıkama süresi biraz uzun.',NOW() + INTERVAL 5 DAY),
('SKU-FIAT-500M-033','linda@usa.com',4,'Koleksiyonluk bir parça.',NOW() + INTERVAL 4 DAY),
('SKU-REN-KEY-034','klaus@de.com',3,'Basit bir anahtarlık.',NOW() + INTERVAL 6 DAY),
('SKU-ZARA-COAT-035','isabella@it.com',5,'Kış için harika.',NOW() + INTERVAL 5 DAY),
('SKU-XIA-PAD-036','chen@cn.com',4,'Ekran kalitesi iyi.',NOW() + INTERVAL 8 DAY),
('SKU-SONY-PS5-037','takumi@jp.com',5,'Hızı şaşırtıcı.',NOW() + INTERVAL 6 DAY),
('SKU-SAM-TV-038','fernando@br.com',5,'Görüntü netliği süper.',NOW() + INTERVAL 7 DAY),
('SKU-NAT-CREAM-039','javier@es.com',4,'Kokusu çok doğal.',NOW() + INTERVAL 5 DAY),
('SKU-APPLE-MAC-040','sophie@fr.com',5,'Pil ömrü mükemmel.',NOW() + INTERVAL 4 DAY);






